community_id,nodes
28,"organization_1,organization_2,organization_15,organization_36,organization_37,organization_40,organization_64,organization_72,organization_73,organization_74,organization_75,organization_76,organization_120,organization_125,organization_137,organization_138,organization_139,organization_182,organization_199,organization_200,organization_221,organization_247,organization_248,organization_249,organization_252,organization_253,organization_254,organization_275,organization_298,organization_299,organization_300,organization_365,organization_366,organization_392,organization_394,organization_416,organization_422,organization_449,organization_455,organization_462,organization_474,organization_475,organization_555,organization_567,organization_568,organization_584,organization_623,organization_632,organization_694,organization_717,organization_747,organization_760,organization_794,organization_795,organization_805,organization_806,organization_811,organization_813,organization_814,organization_815,organization_816,organization_818,organization_821,organization_835,organization_877,organization_878,organization_879,organization_881,organization_892,organization_923,organization_924,organization_928,organization_951,organization_1006,organization_1014,organization_1019,organization_1020,organization_1021,organization_1022,organization_1023,organization_1043,organization_1057,organization_1079,organization_1090,organization_1205,organization_1207,organization_1209,organization_1227,organization_1230,organization_1246,organization_1247,organization_1257,organization_1336,organization_1405,organization_1407,organization_1412,organization_1447,organization_1453,organization_1454,organization_1455,organization_1486,organization_1491,organization_1492,organization_1515,organization_1516,organization_1517,organization_1518,organization_1519,organization_1591,organization_1625,organization_1629,organization_1640,organization_1682,organization_1746,organization_1769,organization_1834,organization_1858,organization_1859,organization_1893,organization_1894,organization_1904,organization_1961,organization_1962,organization_1963,organization_1980,organization_1981,organization_1982,organization_1986,organization_1995,organization_1996,organization_2115,organization_2116,organization_2117,organization_2118,organization_2119,organization_2120,organization_2121,organization_2122,organization_2123,organization_2124,organization_2125,organization_2126,organization_2127,organization_2128,organization_2129,organization_2130,organization_2131,organization_2132,organization_2133,organization_2134,organization_2135,organization_2136,organization_2137,organization_2138,organization_2139,organization_2140,organization_2141,organization_2152,organization_2160,organization_2202,organization_2203,organization_2273,organization_2274,organization_2285,organization_2286,organization_2289,organization_2290,organization_2303,organization_2304,organization_2376,organization_2377,organization_2378,organization_2402,organization_2406,organization_2434,organization_2435,organization_2436,organization_2437,organization_2439,organization_2440,organization_2450,organization_2464,organization_2575,organization_2590,organization_2594,organization_2619,organization_2670,organization_2696,organization_2738,organization_2739,organization_2785,organization_2806,organization_2839,organization_2840,organization_2849,organization_2850,organization_2921,organization_2999,organization_3037,organization_3103,organization_3122,organization_3123,organization_3143,organization_3223,organization_3246,organization_3247,organization_3281,organization_3299,organization_3345,organization_3425,organization_3443,organization_3475,organization_3501,organization_3512,organization_3513,organization_3539,organization_3558,organization_3594,organization_3595,organization_3613,organization_3614,organization_3627,organization_3645"
1,"organization_3,organization_4,organization_5,organization_9,organization_12,organization_13,organization_35,organization_50,organization_67,organization_68,organization_69,organization_70,organization_153,organization_181,organization_188,organization_211,organization_229,organization_237,organization_294,organization_304,organization_313,organization_356,organization_357,organization_358,organization_359,organization_384,organization_437,organization_440,organization_441,organization_467,organization_468,organization_470,organization_525,organization_526,organization_563,organization_564,organization_565,organization_570,organization_595,organization_609,organization_633,organization_639,organization_640,organization_641,organization_642,organization_643,organization_644,organization_666,organization_690,organization_699,organization_706,organization_709,organization_769,organization_770,organization_868,organization_869,organization_870,organization_871,organization_872,organization_873,organization_874,organization_875,organization_882,organization_883,organization_887,organization_927,organization_933,organization_975,organization_976,organization_977,organization_1017,organization_1018,organization_1046,organization_1047,organization_1060,organization_1061,organization_1062,organization_1063,organization_1064,organization_1065,organization_1082,organization_1133,organization_1142,organization_1192,organization_1272,organization_1273,organization_1279,organization_1280,organization_1307,organization_1316,organization_1331,organization_1332,organization_1398,organization_1399,organization_1445,organization_1476,organization_1505,organization_1506,organization_1507,organization_1508,organization_1509,organization_1554,organization_1557,organization_1608,organization_1612,organization_1627,organization_1634,organization_1672,organization_1712,organization_1713,organization_1716,organization_1717,organization_1718,organization_1719,organization_1720,organization_1750,organization_1757,organization_1760,organization_1761,organization_1762,organization_1763,organization_1765,organization_1766,organization_1770,organization_1778,organization_1897,organization_1898,organization_1899,organization_1900,organization_1901,organization_1902,organization_1903,organization_1938,organization_1955,organization_1956,organization_1988,organization_1989,organization_2008,organization_2009,organization_2016,organization_2018,organization_2019,organization_2212,organization_2213,organization_2219,organization_2220,organization_2221,organization_2222,organization_2223,organization_2224,organization_2260,organization_2261,organization_2262,organization_2263,organization_2338,organization_2385,organization_2386,organization_2387,organization_2388,organization_2422,organization_2430,organization_2431,organization_2432,organization_2433,organization_2484,organization_2485,organization_2504,organization_2568,organization_2576,organization_2577,organization_2578,organization_2626,organization_2643,organization_2658,organization_2773,organization_2774,organization_2775,organization_2776,organization_2777,organization_2778,organization_2788,organization_2886,organization_2887,organization_2927,organization_2935,organization_2962,organization_2963,organization_3050,organization_3051,organization_3095,organization_3165,organization_3167,organization_3168,organization_3169,organization_3170,organization_3171,organization_3213,organization_3214,organization_3215,organization_3222,organization_3239,organization_3282,organization_3283,organization_3288,organization_3303,organization_3304,organization_3310,organization_3311,organization_3312,organization_3313,organization_3314,organization_3351,organization_3404,organization_3405,organization_3406,organization_3407,organization_3408,organization_3409,organization_3410,organization_3411,organization_3412,organization_3413,organization_3430,organization_3491,organization_3492,organization_3522,organization_3524,organization_3525,organization_3566,organization_3567,organization_3603,organization_3604"
6,"organization_6,organization_7,organization_8,organization_14,organization_23,organization_41,organization_55,organization_71,organization_91,organization_92,organization_93,organization_103,organization_107,organization_121,organization_122,organization_133,organization_135,organization_156,organization_162,organization_195,organization_212,organization_232,organization_233,organization_242,organization_243,organization_244,organization_245,organization_263,organization_288,organization_295,organization_312,organization_333,organization_334,organization_335,organization_362,organization_363,organization_368,organization_370,organization_388,organization_389,organization_390,organization_391,organization_398,organization_399,organization_400,organization_403,organization_404,organization_405,organization_406,organization_407,organization_409,organization_410,organization_414,organization_415,organization_418,organization_465,organization_466,organization_489,organization_490,organization_491,organization_506,organization_507,organization_508,organization_517,organization_519,organization_573,organization_574,organization_582,organization_602,organization_603,organization_604,organization_610,organization_619,organization_620,organization_647,organization_667,organization_701,organization_702,organization_744,organization_761,organization_778,organization_782,organization_783,organization_784,organization_807,organization_808,organization_809,organization_845,organization_862,organization_891,organization_911,organization_929,organization_964,organization_965,organization_1009,organization_1073,organization_1077,organization_1078,organization_1134,organization_1143,organization_1166,organization_1183,organization_1184,organization_1195,organization_1196,organization_1231,organization_1245,organization_1293,organization_1294,organization_1295,organization_1296,organization_1326,organization_1349,organization_1350,organization_1377,organization_1478,organization_1525,organization_1536,organization_1545,organization_1590,organization_1685,organization_1700,organization_1701,organization_1725,organization_1726,organization_1727,organization_1759,organization_1788,organization_1816,organization_1911,organization_1912,organization_2002,organization_2003,organization_2076,organization_2077,organization_2079,organization_2080,organization_2081,organization_2082,organization_2193,organization_2194,organization_2231,organization_2232,organization_2233,organization_2270,organization_2293,organization_2356,organization_2397,organization_2419,organization_2438,organization_2496,organization_2497,organization_2503,organization_2519,organization_2606,organization_2607,organization_2623,organization_2703,organization_2726,organization_2744,organization_2761,organization_2791,organization_2888,organization_2892,organization_2893,organization_2949,organization_2978,organization_2979,organization_3020,organization_3021,organization_3022,organization_3023,organization_3024,organization_3025,organization_3036,organization_3038,organization_3074,organization_3075,organization_3076,organization_3096,organization_3102,organization_3125,organization_3142,organization_3148,organization_3185,organization_3186,organization_3196,organization_3272,organization_3291,organization_3292,organization_3293,organization_3294,organization_3341,organization_3421,organization_3422,organization_3431,organization_3432,organization_3493,organization_3496,organization_3502,organization_3503,organization_3515,organization_3516,organization_3517,organization_3518,organization_3519,organization_3543,organization_3544,organization_3607,organization_3647,organization_3660,organization_3661,organization_3662,organization_3663,organization_3664"
3,"organization_10,organization_11,organization_17,organization_18,organization_19,organization_20,organization_21,organization_26,organization_28,organization_44,organization_46,organization_47,organization_51,organization_62,organization_63,organization_85,organization_88,organization_89,organization_115,organization_116,organization_117,organization_118,organization_123,organization_124,organization_126,organization_150,organization_151,organization_152,organization_154,organization_155,organization_163,organization_164,organization_174,organization_185,organization_186,organization_187,organization_193,organization_194,organization_204,organization_205,organization_226,organization_227,organization_228,organization_235,organization_258,organization_259,organization_260,organization_265,organization_271,organization_274,organization_277,organization_278,organization_279,organization_280,organization_281,organization_282,organization_291,organization_303,organization_309,organization_310,organization_321,organization_323,organization_327,organization_328,organization_329,organization_330,organization_331,organization_351,organization_352,organization_353,organization_360,organization_361,organization_382,organization_395,organization_396,organization_397,organization_417,organization_420,organization_421,organization_438,organization_442,organization_444,organization_447,organization_448,organization_450,organization_451,organization_452,organization_457,organization_458,organization_459,organization_479,organization_483,organization_493,organization_494,organization_509,organization_510,organization_511,organization_512,organization_513,organization_514,organization_515,organization_516,organization_520,organization_521,organization_529,organization_530,organization_531,organization_532,organization_534,organization_550,organization_566,organization_580,organization_581,organization_593,organization_596,organization_597,organization_599,organization_600,organization_601,organization_608,organization_616,organization_618,organization_630,organization_631,organization_637,organization_638,organization_645,organization_646,organization_681,organization_712,organization_738,organization_739,organization_743,organization_755,organization_756,organization_762,organization_763,organization_785,organization_786,organization_812,organization_822,organization_823,organization_824,organization_825,organization_826,organization_832,organization_836,organization_846,organization_850,organization_866,organization_867,organization_876,organization_885,organization_886,organization_888,organization_890,organization_893,organization_894,organization_904,organization_905,organization_906,organization_907,organization_908,organization_909,organization_912,organization_913,organization_916,organization_917,organization_918,organization_919,organization_920,organization_1000,organization_1001,organization_1002,organization_1004,organization_1005,organization_1007,organization_1010,organization_1024,organization_1051,organization_1052,organization_1054,organization_1058,organization_1066,organization_1067,organization_1068,organization_1074,organization_1075,organization_1076,organization_1096,organization_1099,organization_1101,organization_1108,organization_1109,organization_1110,organization_1111,organization_1112,organization_1113,organization_1119,organization_1125,organization_1126,organization_1127,organization_1128,organization_1129,organization_1130,organization_1131,organization_1136,organization_1137,organization_1140,organization_1141,organization_1152,organization_1153,organization_1156,organization_1157,organization_1158,organization_1169,organization_1170,organization_1175,organization_1176,organization_1185,organization_1193,organization_1197,organization_1198,organization_1200,organization_1201,organization_1202,organization_1203,organization_1204,organization_1214,organization_1234,organization_1249,organization_1274,organization_1275,organization_1276,organization_1282,organization_1285,organization_1288,organization_1300,organization_1301,organization_1318,organization_1320,organization_1321,organization_1330,organization_1353,organization_1354,organization_1370,organization_1371,organization_1372,organization_1374,organization_1375,organization_1378,organization_1379,organization_1380,organization_1385,organization_1396,organization_1400,organization_1421,organization_1422,organization_1423,organization_1424,organization_1432,organization_1433,organization_1434,organization_1435,organization_1439,organization_1440,organization_1441,organization_1452,organization_1466,organization_1483,organization_1539,organization_1540,organization_1541,organization_1547,organization_1550,organization_1558,organization_1559,organization_1560,organization_1561,organization_1572,organization_1578,organization_1592,organization_1596,organization_1603,organization_1605,organization_1606,organization_1616,organization_1617,organization_1628,organization_1635,organization_1636,organization_1637,organization_1644,organization_1671,organization_1691,organization_1693,organization_1694,organization_1708,organization_1709,organization_1721,organization_1722,organization_1723,organization_1724,organization_1740,organization_1753,organization_1754,organization_1780,organization_1792,organization_1815,organization_1829,organization_1830,organization_1831,organization_1832,organization_1846,organization_1849,organization_1850,organization_1876,organization_1886,organization_1887,organization_1888,organization_1905,organization_1906,organization_1913,organization_1917,organization_1935,organization_1936,organization_1943,organization_1947,organization_1948,organization_1964,organization_1965,organization_1966,organization_1972,organization_1978,organization_1983,organization_1987,organization_1991,organization_1992,organization_1993,organization_1994,organization_2000,organization_2001,organization_2004,organization_2005,organization_2006,organization_2013,organization_2014,organization_2015,organization_2034,organization_2035,organization_2036,organization_2042,organization_2046,organization_2052,organization_2053,organization_2067,organization_2078,organization_2106,organization_2107,organization_2109,organization_2158,organization_2159,organization_2180,organization_2181,organization_2204,organization_2205,organization_2206,organization_2207,organization_2228,organization_2229,organization_2230,organization_2239,organization_2240,organization_2242,organization_2243,organization_2244,organization_2245,organization_2246,organization_2247,organization_2248,organization_2249,organization_2251,organization_2252,organization_2266,organization_2267,organization_2272,organization_2280,organization_2281,organization_2284,organization_2287,organization_2288,organization_2313,organization_2316,organization_2317,organization_2318,organization_2319,organization_2320,organization_2321,organization_2322,organization_2323,organization_2332,organization_2333,organization_2353,organization_2375,organization_2389,organization_2396,organization_2429,organization_2442,organization_2462,organization_2463,organization_2490,organization_2493,organization_2494,organization_2495,organization_2500,organization_2501,organization_2515,organization_2516,organization_2520,organization_2526,organization_2537,organization_2538,organization_2542,organization_2543,organization_2560,organization_2561,organization_2563,organization_2564,organization_2565,organization_2566,organization_2567,organization_2579,organization_2580,organization_2581,organization_2593,organization_2595,organization_2600,organization_2610,organization_2611,organization_2612,organization_2613,organization_2621,organization_2622,organization_2627,organization_2628,organization_2640,organization_2661,organization_2662,organization_2663,organization_2664,organization_2665,organization_2671,organization_2672,organization_2673,organization_2690,organization_2691,organization_2692,organization_2701,organization_2702,organization_2709,organization_2710,organization_2725,organization_2742,organization_2745,organization_2746,organization_2747,organization_2748,organization_2749,organization_2750,organization_2751,organization_2753,organization_2770,organization_2771,organization_2772,organization_2779,organization_2786,organization_2812,organization_2813,organization_2814,organization_2815,organization_2822,organization_2828,organization_2845,organization_2848,organization_2853,organization_2858,organization_2866,organization_2867,organization_2875,organization_2878,organization_2879,organization_2880,organization_2889,organization_2890,organization_2902,organization_2903,organization_2904,organization_2906,organization_2907,organization_2908,organization_2922,organization_2925,organization_2926,organization_2932,organization_2939,organization_2940,organization_2964,organization_2968,organization_2969,organization_2970,organization_2972,organization_2973,organization_2974,organization_2980,organization_2998,organization_3000,organization_3001,organization_3026,organization_3041,organization_3045,organization_3049,organization_3054,organization_3057,organization_3059,organization_3083,organization_3093,organization_3139,organization_3164,organization_3172,organization_3173,organization_3174,organization_3175,organization_3176,organization_3183,organization_3184,organization_3194,organization_3195,organization_3197,organization_3207,organization_3208,organization_3219,organization_3224,organization_3234,organization_3235,organization_3236,organization_3237,organization_3263,organization_3271,organization_3289,organization_3290,organization_3316,organization_3328,organization_3332,organization_3333,organization_3334,organization_3335,organization_3338,organization_3339,organization_3346,organization_3354,organization_3359,organization_3361,organization_3362,organization_3363,organization_3365,organization_3366,organization_3381,organization_3388,organization_3389,organization_3390,organization_3394,organization_3395,organization_3396,organization_3399,organization_3403,organization_3417,organization_3418,organization_3419,organization_3420,organization_3441,organization_3442,organization_3444,organization_3449,organization_3451,organization_3478,organization_3479,organization_3480,organization_3481,organization_3482,organization_3483,organization_3484,organization_3485,organization_3506,organization_3507,organization_3508,organization_3520,organization_3521,organization_3540,organization_3541,organization_3554,organization_3555,organization_3557,organization_3563,organization_3569,organization_3570,organization_3584,organization_3586,organization_3587,organization_3590,organization_3591,organization_3592,organization_3593,organization_3605,organization_3615,organization_3629,organization_3630,organization_3637,organization_3638,organization_3644,organization_3651"
5,"organization_22,organization_29,organization_30,organization_31,organization_32,organization_33,organization_34,organization_48,organization_49,organization_52,organization_87,organization_96,organization_99,organization_100,organization_101,organization_104,organization_127,organization_175,organization_176,organization_177,organization_206,organization_207,organization_208,organization_215,organization_250,organization_257,organization_314,organization_439,organization_443,organization_453,organization_524,organization_539,organization_540,organization_541,organization_552,organization_583,organization_598,organization_650,organization_651,organization_652,organization_653,organization_654,organization_655,organization_656,organization_657,organization_658,organization_659,organization_660,organization_661,organization_662,organization_663,organization_664,organization_665,organization_764,organization_765,organization_767,organization_792,organization_861,organization_932,organization_1048,organization_1049,organization_1050,organization_1084,organization_1135,organization_1151,organization_1228,organization_1237,organization_1322,organization_1323,organization_1324,organization_1325,organization_1388,organization_1389,organization_1402,organization_1403,organization_1404,organization_1436,organization_1437,organization_1473,organization_1474,organization_1475,organization_1487,organization_1490,organization_1548,organization_1549,organization_1609,organization_1664,organization_1697,organization_1698,organization_1699,organization_1731,organization_1743,organization_1786,organization_1847,organization_1848,organization_1890,organization_1891,organization_1892,organization_1907,organization_1984,organization_2007,organization_2043,organization_2049,organization_2074,organization_2075,organization_2090,organization_2151,organization_2182,organization_2183,organization_2184,organization_2214,organization_2215,organization_2216,organization_2217,organization_2237,organization_2253,organization_2314,organization_2315,organization_2407,organization_2443,organization_2486,organization_2514,organization_2527,organization_2585,organization_2647,organization_2648,organization_2649,organization_2677,organization_2678,organization_2717,organization_2719,organization_2854,organization_2855,organization_2856,organization_2857,organization_2894,organization_2895,organization_2896,organization_2905,organization_2913,organization_2981,organization_3138,organization_3147,organization_3243,organization_3252,organization_3253,organization_3298,organization_3317,organization_3318,organization_3326,organization_3327,organization_3416,organization_3423,organization_3424,organization_3504,organization_3505,organization_3573"
24,"organization_24,organization_78,organization_90,organization_105,organization_106,organization_108,organization_196,organization_202,organization_251,organization_256,organization_311,organization_322,organization_337,organization_338,organization_339,organization_340,organization_341,organization_342,organization_343,organization_344,organization_345,organization_433,organization_434,organization_435,organization_522,organization_523,organization_561,organization_611,organization_612,organization_621,organization_634,organization_635,organization_636,organization_671,organization_695,organization_735,organization_736,organization_776,organization_777,organization_833,organization_834,organization_851,organization_863,organization_880,organization_930,organization_931,organization_1011,organization_1212,organization_1225,organization_1226,organization_1283,organization_1284,organization_1319,organization_1337,organization_1338,organization_1339,organization_1340,organization_1341,organization_1382,organization_1383,organization_1408,organization_1409,organization_1410,organization_1411,organization_1429,organization_1430,organization_1431,organization_1451,organization_1482,organization_1534,organization_1535,organization_1594,organization_1665,organization_1666,organization_1683,organization_1684,organization_1756,organization_1783,organization_1784,organization_1785,organization_1789,organization_1833,organization_1896,organization_1937,organization_1967,organization_1968,organization_2021,organization_2038,organization_2039,organization_2066,organization_2108,organization_2254,organization_2255,organization_2256,organization_2257,organization_2300,organization_2301,organization_2302,organization_2334,organization_2357,organization_2358,organization_2359,organization_2360,organization_2361,organization_2362,organization_2363,organization_2364,organization_2365,organization_2366,organization_2367,organization_2368,organization_2369,organization_2370,organization_2371,organization_2372,organization_2373,organization_2374,organization_2391,organization_2392,organization_2481,organization_2482,organization_2509,organization_2510,organization_2511,organization_2512,organization_2524,organization_2525,organization_2531,organization_2674,organization_2728,organization_2729,organization_2971,organization_3069,organization_3124,organization_3179,organization_3262,organization_3295,organization_3296,organization_3297,organization_3307,organization_3308,organization_3309,organization_3371,organization_3372,organization_3373,organization_3374,organization_3375,organization_3523,organization_3589,organization_3628,organization_3636,organization_3640,organization_3646,organization_3653"
8,"organization_25,organization_149,organization_180,organization_266,organization_268,organization_269,organization_270,organization_548,organization_572,organization_749,organization_750,organization_751,organization_759,organization_1254,organization_1255,organization_1256,organization_1314,organization_1315,organization_1513,organization_1514,organization_1613,organization_1614,organization_1621,organization_1622,organization_1732,organization_1733,organization_1734,organization_1735,organization_1736,organization_1737,organization_1738,organization_1739,organization_1751,organization_1758,organization_1767,organization_1768,organization_1828,organization_1939,organization_1940,organization_1958,organization_1959,organization_1971,organization_1985,organization_2070,organization_2071,organization_2072,organization_2073,organization_2092,organization_2110,organization_2258,organization_2465,organization_2466,organization_2467,organization_2468,organization_2469,organization_2470,organization_2471,organization_2472,organization_2473,organization_2474,organization_2475,organization_2476,organization_2477,organization_2478,organization_2479,organization_2480,organization_2682,organization_2683,organization_2762,organization_2763,organization_2764,organization_2765,organization_2781,organization_2865,organization_3014,organization_3157,organization_3158,organization_3159,organization_3319,organization_3320,organization_3321,organization_3322,organization_3353,organization_3440,organization_3509,organization_3510,organization_3511,organization_3648,organization_3654,organization_3655,organization_3656,organization_3657,organization_3665,organization_3666,organization_3667,organization_3668,organization_3669"
19,"organization_27,organization_102,organization_161,organization_264,organization_326,organization_617,organization_889,organization_1103,organization_1104,organization_1386,organization_1438,organization_1533,organization_1730,organization_1851,organization_2020,organization_2156,organization_2157,organization_2168,organization_2236,organization_2399,organization_2400,organization_2734,organization_2735,organization_3270,organization_3276,organization_3277,organization_3278,organization_3452,organization_3453,organization_3454,organization_3455,organization_3456,organization_3457,organization_3458,organization_3459,organization_3460,organization_3461,organization_3462,organization_3463,organization_3464,organization_3465,organization_3466,organization_3467,organization_3468,organization_3469,organization_3470,organization_3471"
13,"organization_43,organization_58,organization_379,organization_380,organization_469,organization_622,organization_1035,organization_1036,organization_1037,organization_1038,organization_1039,organization_1138,organization_1139,organization_1269,organization_1270,organization_1271,organization_1277,organization_1278,organization_1520,organization_1521,organization_1522,organization_1523,organization_1524,organization_1562,organization_1631,organization_1632,organization_1633,organization_2188,organization_2189,organization_2190,organization_2191,organization_2192,organization_2225,organization_2609,organization_2641,organization_2766,organization_2767,organization_2768,organization_2769,organization_2829,organization_2830,organization_2831,organization_2832,organization_2928,organization_2929,organization_3005,organization_3006,organization_3007,organization_3009,organization_3542"
32,"organization_45,organization_80,organization_136,organization_201,organization_203,organization_234,organization_267,organization_276,organization_349,organization_367,organization_401,organization_402,organization_445,organization_446,organization_473,organization_549,organization_585,organization_586,organization_587,organization_588,organization_589,organization_668,organization_669,organization_737,organization_768,organization_810,organization_852,organization_853,organization_854,organization_946,organization_947,organization_962,organization_963,organization_987,organization_1044,organization_1097,organization_1098,organization_1114,organization_1150,organization_1229,organization_1344,organization_1413,organization_1546,organization_1747,organization_1748,organization_1749,organization_1889,organization_1933,organization_1934,organization_1998,organization_1999,organization_2055,organization_2056,organization_2057,organization_2058,organization_2059,organization_2060,organization_2061,organization_2062,organization_2063,organization_2064,organization_2065,organization_2163,organization_2164,organization_2165,organization_2166,organization_2167,organization_2208,organization_2209,organization_2210,organization_2211,organization_2235,organization_2298,organization_2299,organization_2326,organization_2327,organization_2328,organization_2329,organization_2330,organization_2331,organization_2395,organization_2505,organization_2506,organization_2547,organization_2548,organization_2608,organization_2675,organization_2676,organization_2730,organization_2740,organization_2741,organization_2960,organization_2961,organization_3055,organization_3106,organization_3107,organization_3108,organization_3109,organization_3110,organization_3111,organization_3112,organization_3113,organization_3114,organization_3115,organization_3116,organization_3117,organization_3118,organization_3119,organization_3120,organization_3130,organization_3267,organization_3268,organization_3269,organization_3445,organization_3450,organization_3498,organization_3499,organization_3500,organization_3545,organization_3546,organization_3547,organization_3576,organization_3626"
14,"organization_59,organization_60,organization_140,organization_141,organization_142,organization_143,organization_144,organization_317,organization_318,organization_319,organization_320,organization_386,organization_387,organization_476,organization_477,organization_478,organization_497,organization_498,organization_499,organization_500,organization_501,organization_502,organization_503,organization_504,organization_505,organization_551,organization_576,organization_577,organization_578,organization_579,organization_771,organization_772,organization_948,organization_966,organization_967,organization_1040,organization_1083,organization_1167,organization_1248,organization_1328,organization_1342,organization_1343,organization_1355,organization_1552,organization_1553,organization_1626,organization_1643,organization_1658,organization_1659,organization_1660,organization_1661,organization_1668,organization_1669,organization_1670,organization_1692,organization_2084,organization_2085,organization_2177,organization_2178,organization_2517,organization_2518,organization_2569,organization_2570,organization_2571,organization_2572,organization_2573,organization_2574,organization_2583,organization_2602,organization_2603,organization_2666,organization_2685,organization_2686,organization_2687,organization_2688,organization_2689,organization_2795,organization_2818,organization_2819,organization_2833,organization_2885,organization_3029,organization_3030,organization_3052,organization_3053,organization_3060,organization_3070,organization_3145,organization_3146,organization_3391,organization_3392,organization_3393,organization_3652"
25,"organization_61,organization_214,organization_436,organization_691,organization_692,organization_693,organization_856,organization_857,organization_1008,organization_1352,organization_1446,organization_1450,organization_1576,organization_1588,organization_1774,organization_1775,organization_1776,organization_1835,organization_1836,organization_1909,organization_2028,organization_2029,organization_2030,organization_2031,organization_2032,organization_2091,organization_2226,organization_2227,organization_2457,organization_2458,organization_2491,organization_2492,organization_2598,organization_2601,organization_2995,organization_2996,organization_3010,organization_3011,organization_3039,organization_3315,organization_3434,organization_3489,organization_3490"
16,"organization_79,organization_81,organization_82,organization_83,organization_84,organization_95,organization_119,organization_261,organization_419,organization_683,organization_817,organization_953,organization_954,organization_955,organization_956,organization_957,organization_958,organization_959,organization_960,organization_961,organization_978,organization_979,organization_980,organization_981,organization_982,organization_983,organization_984,organization_985,organization_986,organization_1132,organization_1351,organization_1387,organization_1942,organization_2533,organization_2534,organization_2535,organization_2629,organization_2630,organization_2631,organization_2632,organization_2633,organization_2645,organization_2646,organization_2851,organization_2852,organization_2909,organization_2910,organization_3035,organization_3187,organization_3204,organization_3205,organization_3206,organization_3273,organization_3342,organization_3556"
17,"organization_86,organization_94,organization_112,organization_113,organization_114,organization_128,organization_129,organization_130,organization_131,organization_132,organization_158,organization_159,organization_209,organization_210,organization_213,organization_241,organization_262,organization_302,organization_336,organization_381,organization_383,organization_454,organization_456,organization_471,organization_480,organization_481,organization_482,organization_484,organization_485,organization_486,organization_492,organization_527,organization_533,organization_553,organization_559,organization_745,organization_746,organization_766,organization_855,organization_1177,organization_1178,organization_1179,organization_1180,organization_1181,organization_1182,organization_1243,organization_1244,organization_1317,organization_1418,organization_1419,organization_1468,organization_1469,organization_1470,organization_1471,organization_1472,organization_1504,organization_1537,organization_1538,organization_1597,organization_1598,organization_1710,organization_1745,organization_1777,organization_1779,organization_1790,organization_1791,organization_1842,organization_1843,organization_1844,organization_1853,organization_1854,organization_1855,organization_1856,organization_1857,organization_1974,organization_1979,organization_2022,organization_2185,organization_2218,organization_2238,organization_2393,organization_2394,organization_2444,organization_2487,organization_2488,organization_2489,organization_2582,organization_2657,organization_2684,organization_2695,organization_2704,organization_2705,organization_2789,organization_2790,organization_2817,organization_2924,organization_2938,organization_2941,organization_2942,organization_2943,organization_2944,organization_2945,organization_2946,organization_2947,organization_2948,organization_2950,organization_2987,organization_2988,organization_2989,organization_2990,organization_2991,organization_2992,organization_2993,organization_3071,organization_3072,organization_3073,organization_3094,organization_3177,organization_3352,organization_3360,organization_3376,organization_3377,organization_3378,organization_3379,organization_3380,organization_3414,organization_3415,organization_3437,organization_3438,organization_3439,organization_3579,organization_3580,organization_3581,organization_3582,organization_3583,organization_3588,organization_3596,organization_3597,organization_3598,organization_3599,organization_3600,organization_3601,organization_3602"
2,"organization_157,organization_255,organization_774,organization_973,organization_974,organization_1144,organization_1145,organization_1448,organization_1449,organization_1502,organization_1503,organization_2093,organization_2094,organization_2095,organization_2096,organization_2097,organization_2098,organization_2099,organization_2100,organization_2101,organization_2102,organization_2596,organization_2597,organization_3259,organization_3260,organization_3279,organization_3347,organization_3348,organization_3349,organization_3549,organization_3550,organization_3551"
27,"organization_178,organization_179,organization_189,organization_190,organization_191,organization_192,organization_216,organization_217,organization_218,organization_219,organization_222,organization_223,organization_230,organization_231,organization_364,organization_393,organization_718,organization_719,organization_796,organization_1155,organization_1242,organization_1417,organization_1456,organization_1457,organization_1495,organization_1496,organization_1497,organization_1498,organization_1499,organization_1500,organization_2017,organization_2040,organization_2041,organization_2047,organization_2048,organization_2195,organization_2428,organization_2449,organization_2824,organization_2825,organization_2876,organization_2877,organization_3044,organization_3063,organization_3064,organization_3065,organization_3066,organization_3229,organization_3284,organization_3364,organization_3436,organization_3611"
10,"organization_220,organization_354,organization_355,organization_369,organization_495,organization_496,organization_571,organization_594,organization_713,organization_714,organization_715,organization_716,organization_740,organization_741,organization_742,organization_787,organization_788,organization_789,organization_790,organization_791,organization_802,organization_803,organization_841,organization_847,organization_848,organization_849,organization_895,organization_896,organization_1027,organization_1028,organization_1029,organization_1030,organization_1031,organization_1032,organization_1071,organization_1085,organization_1086,organization_1087,organization_1088,organization_1089,organization_1220,organization_1221,organization_1303,organization_1304,organization_1305,organization_1306,organization_1313,organization_1414,organization_1415,organization_1416,organization_1420,organization_1467,organization_1479,organization_1480,organization_1481,organization_1484,organization_1485,organization_1583,organization_1584,organization_1585,organization_1586,organization_1587,organization_1607,organization_1662,organization_1663,organization_1782,organization_1822,organization_1823,organization_1824,organization_1825,organization_1826,organization_1827,organization_1838,organization_1839,organization_1845,organization_1865,organization_1866,organization_1867,organization_1868,organization_1869,organization_1926,organization_1969,organization_1970,organization_1975,organization_1976,organization_1977,organization_2037,organization_2054,organization_2083,organization_2291,organization_2335,organization_2339,organization_2340,organization_2341,organization_2342,organization_2403,organization_2404,organization_2405,organization_2453,organization_2454,organization_2455,organization_2456,organization_2615,organization_2679,organization_2680,organization_2681,organization_2697,organization_2698,organization_2787,organization_2792,organization_2859,organization_2863,organization_2864,organization_2869,organization_2870,organization_2871,organization_2872,organization_2952,organization_2953,organization_2955,organization_2956,organization_2958,organization_2959,organization_2977,organization_3058,organization_3104,organization_3105,organization_3180,organization_3190,organization_3191,organization_3192,organization_3216,organization_3217,organization_3218,organization_3305,organization_3306,organization_3429,organization_3433,organization_3514"
30,"organization_273,organization_347,organization_348,organization_350,organization_385,organization_625,organization_682,organization_724,organization_725,organization_726,organization_727,organization_1213,organization_1333,organization_1334,organization_1335,organization_1463,organization_1589,organization_1667,organization_1910,organization_2241,organization_2401,organization_2408,organization_2409,organization_2452,organization_2604,organization_2605,organization_2614,organization_2659,organization_2660,organization_2724,organization_2752,organization_2796,organization_2797,organization_2800,organization_2801,organization_2802,organization_2975,organization_3046,organization_3047,organization_3048,organization_3141,organization_3198,organization_3199,organization_3200,organization_3230,organization_3231,organization_3382,organization_3383"
31,"organization_306,organization_307,organization_748,organization_1258,organization_1259,organization_1260,organization_1261,organization_1262,organization_1263,organization_1264,organization_1265,organization_1266,organization_1267,organization_1268,organization_1638,organization_1885,organization_2424,organization_2425,organization_2426,organization_2427,organization_2562,organization_2650,organization_2651,organization_2652,organization_2694,organization_3632,organization_3633,organization_3634,organization_3635"
33,"organization_324,organization_325,organization_2483,organization_2873,organization_2874"
4,"organization_562,organization_988,organization_989,organization_990,organization_991,organization_992,organization_993,organization_994,organization_995,organization_996,organization_997,organization_998,organization_2390,organization_2835,organization_2836,organization_2837,organization_2838"
7,"organization_670,organization_672,organization_752,organization_1025,organization_1194,organization_1908,organization_2634,organization_2635,organization_2636,organization_3149,organization_3150,organization_3151,organization_3152,organization_3153,organization_3154,organization_3155,organization_3156,organization_3181,organization_3182,organization_3251"
9,"organization_677,organization_678,organization_910,organization_934,organization_935,organization_936,organization_937,organization_938,organization_939,organization_1384,organization_1425,organization_1426,organization_1427,organization_1428,organization_1494,organization_1820,organization_1821,organization_2023,organization_2024,organization_2025,organization_2026,organization_2292,organization_2507,organization_2508,organization_2957,organization_3261"
11,"organization_827,organization_828,organization_829,organization_830,organization_831,organization_1704,organization_1941,organization_2816,organization_2965"
12,"organization_897,organization_898,organization_899,organization_900,organization_901,organization_902"
0,"organization_1297,organization_1298,organization_1299,organization_1602,organization_2667,organization_2668,organization_2669"
15,"organization_1510,organization_1511,organization_1512,organization_1864"
18,"organization_1526,organization_1527,organization_1528,organization_1529,organization_1530,organization_1531,organization_1532"
20,"organization_1711,organization_3201,organization_3202,organization_3203"
21,"organization_1796,organization_1797,organization_1798,organization_1799,organization_1800,organization_1801,organization_1802,organization_1803,organization_1804,organization_1805,organization_1806,organization_1807,organization_1808,organization_1809,organization_1810,organization_1811,organization_1812,organization_1813,organization_1814"
22,"organization_1877,organization_1878,organization_1879,organization_1880,organization_1881,organization_1882,organization_1883,organization_1884"
23,"organization_1949,organization_1950,organization_1951"
26,"organization_2549,organization_2550,organization_2551,organization_2552,organization_2553,organization_2554"
29,"organization_3144,organization_3355,organization_3356,organization_3357,organization_3358"
