node,community_id
organization_1,28
organization_2,28
organization_3,1
organization_4,1
organization_5,1
organization_6,6
organization_7,6
organization_8,6
organization_9,1
organization_10,3
organization_11,3
organization_12,1
organization_13,1
organization_14,6
organization_15,28
organization_17,3
organization_18,3
organization_19,3
organization_20,3
organization_21,3
organization_22,5
organization_23,6
organization_24,24
organization_25,8
organization_26,3
organization_27,19
organization_28,3
organization_29,5
organization_30,5
organization_31,5
organization_32,5
organization_33,5
organization_34,5
organization_35,1
organization_36,28
organization_37,28
organization_40,28
organization_41,6
organization_43,13
organization_44,3
organization_45,32
organization_46,3
organization_47,3
organization_48,5
organization_49,5
organization_50,1
organization_51,3
organization_52,5
organization_55,6
organization_58,13
organization_59,14
organization_60,14
organization_61,25
organization_62,3
organization_63,3
organization_64,28
organization_67,1
organization_68,1
organization_69,1
organization_70,1
organization_71,6
organization_72,28
organization_73,28
organization_74,28
organization_75,28
organization_76,28
organization_78,24
organization_79,16
organization_80,32
organization_81,16
organization_82,16
organization_83,16
organization_84,16
organization_85,3
organization_86,17
organization_87,5
organization_88,3
organization_89,3
organization_90,24
organization_91,6
organization_92,6
organization_93,6
organization_94,17
organization_95,16
organization_96,5
organization_99,5
organization_100,5
organization_101,5
organization_102,19
organization_103,6
organization_104,5
organization_105,24
organization_106,24
organization_107,6
organization_108,24
organization_112,17
organization_113,17
organization_114,17
organization_115,3
organization_116,3
organization_117,3
organization_118,3
organization_119,16
organization_120,28
organization_121,6
organization_122,6
organization_123,3
organization_124,3
organization_125,28
organization_126,3
organization_127,5
organization_128,17
organization_129,17
organization_130,17
organization_131,17
organization_132,17
organization_133,6
organization_135,6
organization_136,32
organization_137,28
organization_138,28
organization_139,28
organization_140,14
organization_141,14
organization_142,14
organization_143,14
organization_144,14
organization_149,8
organization_150,3
organization_151,3
organization_152,3
organization_153,1
organization_154,3
organization_155,3
organization_156,6
organization_157,2
organization_158,17
organization_159,17
organization_161,19
organization_162,6
organization_163,3
organization_164,3
organization_174,3
organization_175,5
organization_176,5
organization_177,5
organization_178,27
organization_179,27
organization_180,8
organization_181,1
organization_182,28
organization_185,3
organization_186,3
organization_187,3
organization_188,1
organization_189,27
organization_190,27
organization_191,27
organization_192,27
organization_193,3
organization_194,3
organization_195,6
organization_196,24
organization_199,28
organization_200,28
organization_201,32
organization_202,24
organization_203,32
organization_204,3
organization_205,3
organization_206,5
organization_207,5
organization_208,5
organization_209,17
organization_210,17
organization_211,1
organization_212,6
organization_213,17
organization_214,25
organization_215,5
organization_216,27
organization_217,27
organization_218,27
organization_219,27
organization_220,10
organization_221,28
organization_222,27
organization_223,27
organization_226,3
organization_227,3
organization_228,3
organization_229,1
organization_230,27
organization_231,27
organization_232,6
organization_233,6
organization_234,32
organization_235,3
organization_237,1
organization_241,17
organization_242,6
organization_243,6
organization_244,6
organization_245,6
organization_247,28
organization_248,28
organization_249,28
organization_250,5
organization_251,24
organization_252,28
organization_253,28
organization_254,28
organization_255,2
organization_256,24
organization_257,5
organization_258,3
organization_259,3
organization_260,3
organization_261,16
organization_262,17
organization_263,6
organization_264,19
organization_265,3
organization_266,8
organization_267,32
organization_268,8
organization_269,8
organization_270,8
organization_271,3
organization_273,30
organization_274,3
organization_275,28
organization_276,32
organization_277,3
organization_278,3
organization_279,3
organization_280,3
organization_281,3
organization_282,3
organization_288,6
organization_291,3
organization_294,1
organization_295,6
organization_298,28
organization_299,28
organization_300,28
organization_302,17
organization_303,3
organization_304,1
organization_306,31
organization_307,31
organization_309,3
organization_310,3
organization_311,24
organization_312,6
organization_313,1
organization_314,5
organization_317,14
organization_318,14
organization_319,14
organization_320,14
organization_321,3
organization_322,24
organization_323,3
organization_324,33
organization_325,33
organization_326,19
organization_327,3
organization_328,3
organization_329,3
organization_330,3
organization_331,3
organization_333,6
organization_334,6
organization_335,6
organization_336,17
organization_337,24
organization_338,24
organization_339,24
organization_340,24
organization_341,24
organization_342,24
organization_343,24
organization_344,24
organization_345,24
organization_347,30
organization_348,30
organization_349,32
organization_350,30
organization_351,3
organization_352,3
organization_353,3
organization_354,10
organization_355,10
organization_356,1
organization_357,1
organization_358,1
organization_359,1
organization_360,3
organization_361,3
organization_362,6
organization_363,6
organization_364,27
organization_365,28
organization_366,28
organization_367,32
organization_368,6
organization_369,10
organization_370,6
organization_379,13
organization_380,13
organization_381,17
organization_382,3
organization_383,17
organization_384,1
organization_385,30
organization_386,14
organization_387,14
organization_388,6
organization_389,6
organization_390,6
organization_391,6
organization_392,28
organization_393,27
organization_394,28
organization_395,3
organization_396,3
organization_397,3
organization_398,6
organization_399,6
organization_400,6
organization_401,32
organization_402,32
organization_403,6
organization_404,6
organization_405,6
organization_406,6
organization_407,6
organization_409,6
organization_410,6
organization_414,6
organization_415,6
organization_416,28
organization_417,3
organization_418,6
organization_419,16
organization_420,3
organization_421,3
organization_422,28
organization_433,24
organization_434,24
organization_435,24
organization_436,25
organization_437,1
organization_438,3
organization_439,5
organization_440,1
organization_441,1
organization_442,3
organization_443,5
organization_444,3
organization_445,32
organization_446,32
organization_447,3
organization_448,3
organization_449,28
organization_450,3
organization_451,3
organization_452,3
organization_453,5
organization_454,17
organization_455,28
organization_456,17
organization_457,3
organization_458,3
organization_459,3
organization_462,28
organization_465,6
organization_466,6
organization_467,1
organization_468,1
organization_469,13
organization_470,1
organization_471,17
organization_473,32
organization_474,28
organization_475,28
organization_476,14
organization_477,14
organization_478,14
organization_479,3
organization_480,17
organization_481,17
organization_482,17
organization_483,3
organization_484,17
organization_485,17
organization_486,17
organization_489,6
organization_490,6
organization_491,6
organization_492,17
organization_493,3
organization_494,3
organization_495,10
organization_496,10
organization_497,14
organization_498,14
organization_499,14
organization_500,14
organization_501,14
organization_502,14
organization_503,14
organization_504,14
organization_505,14
organization_506,6
organization_507,6
organization_508,6
organization_509,3
organization_510,3
organization_511,3
organization_512,3
organization_513,3
organization_514,3
organization_515,3
organization_516,3
organization_517,6
organization_519,6
organization_520,3
organization_521,3
organization_522,24
organization_523,24
organization_524,5
organization_525,1
organization_526,1
organization_527,17
organization_529,3
organization_530,3
organization_531,3
organization_532,3
organization_533,17
organization_534,3
organization_539,5
organization_540,5
organization_541,5
organization_548,8
organization_549,32
organization_550,3
organization_551,14
organization_552,5
organization_553,17
organization_555,28
organization_559,17
organization_561,24
organization_562,4
organization_563,1
organization_564,1
organization_565,1
organization_566,3
organization_567,28
organization_568,28
organization_570,1
organization_571,10
organization_572,8
organization_573,6
organization_574,6
organization_576,14
organization_577,14
organization_578,14
organization_579,14
organization_580,3
organization_581,3
organization_582,6
organization_583,5
organization_584,28
organization_585,32
organization_586,32
organization_587,32
organization_588,32
organization_589,32
organization_593,3
organization_594,10
organization_595,1
organization_596,3
organization_597,3
organization_598,5
organization_599,3
organization_600,3
organization_601,3
organization_602,6
organization_603,6
organization_604,6
organization_608,3
organization_609,1
organization_610,6
organization_611,24
organization_612,24
organization_616,3
organization_617,19
organization_618,3
organization_619,6
organization_620,6
organization_621,24
organization_622,13
organization_623,28
organization_625,30
organization_630,3
organization_631,3
organization_632,28
organization_633,1
organization_634,24
organization_635,24
organization_636,24
organization_637,3
organization_638,3
organization_639,1
organization_640,1
organization_641,1
organization_642,1
organization_643,1
organization_644,1
organization_645,3
organization_646,3
organization_647,6
organization_650,5
organization_651,5
organization_652,5
organization_653,5
organization_654,5
organization_655,5
organization_656,5
organization_657,5
organization_658,5
organization_659,5
organization_660,5
organization_661,5
organization_662,5
organization_663,5
organization_664,5
organization_665,5
organization_666,1
organization_667,6
organization_668,32
organization_669,32
organization_670,7
organization_671,24
organization_672,7
organization_677,9
organization_678,9
organization_681,3
organization_682,30
organization_683,16
organization_690,1
organization_691,25
organization_692,25
organization_693,25
organization_694,28
organization_695,24
organization_699,1
organization_701,6
organization_702,6
organization_706,1
organization_709,1
organization_712,3
organization_713,10
organization_714,10
organization_715,10
organization_716,10
organization_717,28
organization_718,27
organization_719,27
organization_724,30
organization_725,30
organization_726,30
organization_727,30
organization_735,24
organization_736,24
organization_737,32
organization_738,3
organization_739,3
organization_740,10
organization_741,10
organization_742,10
organization_743,3
organization_744,6
organization_745,17
organization_746,17
organization_747,28
organization_748,31
organization_749,8
organization_750,8
organization_751,8
organization_752,7
organization_755,3
organization_756,3
organization_759,8
organization_760,28
organization_761,6
organization_762,3
organization_763,3
organization_764,5
organization_765,5
organization_766,17
organization_767,5
organization_768,32
organization_769,1
organization_770,1
organization_771,14
organization_772,14
organization_774,2
organization_776,24
organization_777,24
organization_778,6
organization_782,6
organization_783,6
organization_784,6
organization_785,3
organization_786,3
organization_787,10
organization_788,10
organization_789,10
organization_790,10
organization_791,10
organization_792,5
organization_794,28
organization_795,28
organization_796,27
organization_802,10
organization_803,10
organization_805,28
organization_806,28
organization_807,6
organization_808,6
organization_809,6
organization_810,32
organization_811,28
organization_812,3
organization_813,28
organization_814,28
organization_815,28
organization_816,28
organization_817,16
organization_818,28
organization_821,28
organization_822,3
organization_823,3
organization_824,3
organization_825,3
organization_826,3
organization_827,11
organization_828,11
organization_829,11
organization_830,11
organization_831,11
organization_832,3
organization_833,24
organization_834,24
organization_835,28
organization_836,3
organization_841,10
organization_845,6
organization_846,3
organization_847,10
organization_848,10
organization_849,10
organization_850,3
organization_851,24
organization_852,32
organization_853,32
organization_854,32
organization_855,17
organization_856,25
organization_857,25
organization_861,5
organization_862,6
organization_863,24
organization_866,3
organization_867,3
organization_868,1
organization_869,1
organization_870,1
organization_871,1
organization_872,1
organization_873,1
organization_874,1
organization_875,1
organization_876,3
organization_877,28
organization_878,28
organization_879,28
organization_880,24
organization_881,28
organization_882,1
organization_883,1
organization_885,3
organization_886,3
organization_887,1
organization_888,3
organization_889,19
organization_890,3
organization_891,6
organization_892,28
organization_893,3
organization_894,3
organization_895,10
organization_896,10
organization_897,12
organization_898,12
organization_899,12
organization_900,12
organization_901,12
organization_902,12
organization_904,3
organization_905,3
organization_906,3
organization_907,3
organization_908,3
organization_909,3
organization_910,9
organization_911,6
organization_912,3
organization_913,3
organization_916,3
organization_917,3
organization_918,3
organization_919,3
organization_920,3
organization_923,28
organization_924,28
organization_927,1
organization_928,28
organization_929,6
organization_930,24
organization_931,24
organization_932,5
organization_933,1
organization_934,9
organization_935,9
organization_936,9
organization_937,9
organization_938,9
organization_939,9
organization_946,32
organization_947,32
organization_948,14
organization_951,28
organization_953,16
organization_954,16
organization_955,16
organization_956,16
organization_957,16
organization_958,16
organization_959,16
organization_960,16
organization_961,16
organization_962,32
organization_963,32
organization_964,6
organization_965,6
organization_966,14
organization_967,14
organization_973,2
organization_974,2
organization_975,1
organization_976,1
organization_977,1
organization_978,16
organization_979,16
organization_980,16
organization_981,16
organization_982,16
organization_983,16
organization_984,16
organization_985,16
organization_986,16
organization_987,32
organization_988,4
organization_989,4
organization_990,4
organization_991,4
organization_992,4
organization_993,4
organization_994,4
organization_995,4
organization_996,4
organization_997,4
organization_998,4
organization_1000,3
organization_1001,3
organization_1002,3
organization_1004,3
organization_1005,3
organization_1006,28
organization_1007,3
organization_1008,25
organization_1009,6
organization_1010,3
organization_1011,24
organization_1014,28
organization_1017,1
organization_1018,1
organization_1019,28
organization_1020,28
organization_1021,28
organization_1022,28
organization_1023,28
organization_1024,3
organization_1025,7
organization_1027,10
organization_1028,10
organization_1029,10
organization_1030,10
organization_1031,10
organization_1032,10
organization_1035,13
organization_1036,13
organization_1037,13
organization_1038,13
organization_1039,13
organization_1040,14
organization_1043,28
organization_1044,32
organization_1046,1
organization_1047,1
organization_1048,5
organization_1049,5
organization_1050,5
organization_1051,3
organization_1052,3
organization_1054,3
organization_1057,28
organization_1058,3
organization_1060,1
organization_1061,1
organization_1062,1
organization_1063,1
organization_1064,1
organization_1065,1
organization_1066,3
organization_1067,3
organization_1068,3
organization_1071,10
organization_1073,6
organization_1074,3
organization_1075,3
organization_1076,3
organization_1077,6
organization_1078,6
organization_1079,28
organization_1082,1
organization_1083,14
organization_1084,5
organization_1085,10
organization_1086,10
organization_1087,10
organization_1088,10
organization_1089,10
organization_1090,28
organization_1096,3
organization_1097,32
organization_1098,32
organization_1099,3
organization_1101,3
organization_1103,19
organization_1104,19
organization_1108,3
organization_1109,3
organization_1110,3
organization_1111,3
organization_1112,3
organization_1113,3
organization_1114,32
organization_1119,3
organization_1125,3
organization_1126,3
organization_1127,3
organization_1128,3
organization_1129,3
organization_1130,3
organization_1131,3
organization_1132,16
organization_1133,1
organization_1134,6
organization_1135,5
organization_1136,3
organization_1137,3
organization_1138,13
organization_1139,13
organization_1140,3
organization_1141,3
organization_1142,1
organization_1143,6
organization_1144,2
organization_1145,2
organization_1150,32
organization_1151,5
organization_1152,3
organization_1153,3
organization_1155,27
organization_1156,3
organization_1157,3
organization_1158,3
organization_1166,6
organization_1167,14
organization_1169,3
organization_1170,3
organization_1175,3
organization_1176,3
organization_1177,17
organization_1178,17
organization_1179,17
organization_1180,17
organization_1181,17
organization_1182,17
organization_1183,6
organization_1184,6
organization_1185,3
organization_1192,1
organization_1193,3
organization_1194,7
organization_1195,6
organization_1196,6
organization_1197,3
organization_1198,3
organization_1200,3
organization_1201,3
organization_1202,3
organization_1203,3
organization_1204,3
organization_1205,28
organization_1207,28
organization_1209,28
organization_1212,24
organization_1213,30
organization_1214,3
organization_1220,10
organization_1221,10
organization_1225,24
organization_1226,24
organization_1227,28
organization_1228,5
organization_1229,32
organization_1230,28
organization_1231,6
organization_1234,3
organization_1237,5
organization_1242,27
organization_1243,17
organization_1244,17
organization_1245,6
organization_1246,28
organization_1247,28
organization_1248,14
organization_1249,3
organization_1254,8
organization_1255,8
organization_1256,8
organization_1257,28
organization_1258,31
organization_1259,31
organization_1260,31
organization_1261,31
organization_1262,31
organization_1263,31
organization_1264,31
organization_1265,31
organization_1266,31
organization_1267,31
organization_1268,31
organization_1269,13
organization_1270,13
organization_1271,13
organization_1272,1
organization_1273,1
organization_1274,3
organization_1275,3
organization_1276,3
organization_1277,13
organization_1278,13
organization_1279,1
organization_1280,1
organization_1282,3
organization_1283,24
organization_1284,24
organization_1285,3
organization_1288,3
organization_1293,6
organization_1294,6
organization_1295,6
organization_1296,6
organization_1297,0
organization_1298,0
organization_1299,0
organization_1300,3
organization_1301,3
organization_1303,10
organization_1304,10
organization_1305,10
organization_1306,10
organization_1307,1
organization_1313,10
organization_1314,8
organization_1315,8
organization_1316,1
organization_1317,17
organization_1318,3
organization_1319,24
organization_1320,3
organization_1321,3
organization_1322,5
organization_1323,5
organization_1324,5
organization_1325,5
organization_1326,6
organization_1328,14
organization_1330,3
organization_1331,1
organization_1332,1
organization_1333,30
organization_1334,30
organization_1335,30
organization_1336,28
organization_1337,24
organization_1338,24
organization_1339,24
organization_1340,24
organization_1341,24
organization_1342,14
organization_1343,14
organization_1344,32
organization_1349,6
organization_1350,6
organization_1351,16
organization_1352,25
organization_1353,3
organization_1354,3
organization_1355,14
organization_1370,3
organization_1371,3
organization_1372,3
organization_1374,3
organization_1375,3
organization_1377,6
organization_1378,3
organization_1379,3
organization_1380,3
organization_1382,24
organization_1383,24
organization_1384,9
organization_1385,3
organization_1386,19
organization_1387,16
organization_1388,5
organization_1389,5
organization_1396,3
organization_1398,1
organization_1399,1
organization_1400,3
organization_1402,5
organization_1403,5
organization_1404,5
organization_1405,28
organization_1407,28
organization_1408,24
organization_1409,24
organization_1410,24
organization_1411,24
organization_1412,28
organization_1413,32
organization_1414,10
organization_1415,10
organization_1416,10
organization_1417,27
organization_1418,17
organization_1419,17
organization_1420,10
organization_1421,3
organization_1422,3
organization_1423,3
organization_1424,3
organization_1425,9
organization_1426,9
organization_1427,9
organization_1428,9
organization_1429,24
organization_1430,24
organization_1431,24
organization_1432,3
organization_1433,3
organization_1434,3
organization_1435,3
organization_1436,5
organization_1437,5
organization_1438,19
organization_1439,3
organization_1440,3
organization_1441,3
organization_1445,1
organization_1446,25
organization_1447,28
organization_1448,2
organization_1449,2
organization_1450,25
organization_1451,24
organization_1452,3
organization_1453,28
organization_1454,28
organization_1455,28
organization_1456,27
organization_1457,27
organization_1463,30
organization_1466,3
organization_1467,10
organization_1468,17
organization_1469,17
organization_1470,17
organization_1471,17
organization_1472,17
organization_1473,5
organization_1474,5
organization_1475,5
organization_1476,1
organization_1478,6
organization_1479,10
organization_1480,10
organization_1481,10
organization_1482,24
organization_1483,3
organization_1484,10
organization_1485,10
organization_1486,28
organization_1487,5
organization_1490,5
organization_1491,28
organization_1492,28
organization_1494,9
organization_1495,27
organization_1496,27
organization_1497,27
organization_1498,27
organization_1499,27
organization_1500,27
organization_1502,2
organization_1503,2
organization_1504,17
organization_1505,1
organization_1506,1
organization_1507,1
organization_1508,1
organization_1509,1
organization_1510,15
organization_1511,15
organization_1512,15
organization_1513,8
organization_1514,8
organization_1515,28
organization_1516,28
organization_1517,28
organization_1518,28
organization_1519,28
organization_1520,13
organization_1521,13
organization_1522,13
organization_1523,13
organization_1524,13
organization_1525,6
organization_1526,18
organization_1527,18
organization_1528,18
organization_1529,18
organization_1530,18
organization_1531,18
organization_1532,18
organization_1533,19
organization_1534,24
organization_1535,24
organization_1536,6
organization_1537,17
organization_1538,17
organization_1539,3
organization_1540,3
organization_1541,3
organization_1545,6
organization_1546,32
organization_1547,3
organization_1548,5
organization_1549,5
organization_1550,3
organization_1552,14
organization_1553,14
organization_1554,1
organization_1557,1
organization_1558,3
organization_1559,3
organization_1560,3
organization_1561,3
organization_1562,13
organization_1572,3
organization_1576,25
organization_1578,3
organization_1583,10
organization_1584,10
organization_1585,10
organization_1586,10
organization_1587,10
organization_1588,25
organization_1589,30
organization_1590,6
organization_1591,28
organization_1592,3
organization_1594,24
organization_1596,3
organization_1597,17
organization_1598,17
organization_1602,0
organization_1603,3
organization_1605,3
organization_1606,3
organization_1607,10
organization_1608,1
organization_1609,5
organization_1612,1
organization_1613,8
organization_1614,8
organization_1616,3
organization_1617,3
organization_1621,8
organization_1622,8
organization_1625,28
organization_1626,14
organization_1627,1
organization_1628,3
organization_1629,28
organization_1631,13
organization_1632,13
organization_1633,13
organization_1634,1
organization_1635,3
organization_1636,3
organization_1637,3
organization_1638,31
organization_1640,28
organization_1643,14
organization_1644,3
organization_1658,14
organization_1659,14
organization_1660,14
organization_1661,14
organization_1662,10
organization_1663,10
organization_1664,5
organization_1665,24
organization_1666,24
organization_1667,30
organization_1668,14
organization_1669,14
organization_1670,14
organization_1671,3
organization_1672,1
organization_1682,28
organization_1683,24
organization_1684,24
organization_1685,6
organization_1691,3
organization_1692,14
organization_1693,3
organization_1694,3
organization_1697,5
organization_1698,5
organization_1699,5
organization_1700,6
organization_1701,6
organization_1704,11
organization_1708,3
organization_1709,3
organization_1710,17
organization_1711,20
organization_1712,1
organization_1713,1
organization_1716,1
organization_1717,1
organization_1718,1
organization_1719,1
organization_1720,1
organization_1721,3
organization_1722,3
organization_1723,3
organization_1724,3
organization_1725,6
organization_1726,6
organization_1727,6
organization_1730,19
organization_1731,5
organization_1732,8
organization_1733,8
organization_1734,8
organization_1735,8
organization_1736,8
organization_1737,8
organization_1738,8
organization_1739,8
organization_1740,3
organization_1743,5
organization_1745,17
organization_1746,28
organization_1747,32
organization_1748,32
organization_1749,32
organization_1750,1
organization_1751,8
organization_1753,3
organization_1754,3
organization_1756,24
organization_1757,1
organization_1758,8
organization_1759,6
organization_1760,1
organization_1761,1
organization_1762,1
organization_1763,1
organization_1765,1
organization_1766,1
organization_1767,8
organization_1768,8
organization_1769,28
organization_1770,1
organization_1774,25
organization_1775,25
organization_1776,25
organization_1777,17
organization_1778,1
organization_1779,17
organization_1780,3
organization_1782,10
organization_1783,24
organization_1784,24
organization_1785,24
organization_1786,5
organization_1788,6
organization_1789,24
organization_1790,17
organization_1791,17
organization_1792,3
organization_1796,21
organization_1797,21
organization_1798,21
organization_1799,21
organization_1800,21
organization_1801,21
organization_1802,21
organization_1803,21
organization_1804,21
organization_1805,21
organization_1806,21
organization_1807,21
organization_1808,21
organization_1809,21
organization_1810,21
organization_1811,21
organization_1812,21
organization_1813,21
organization_1814,21
organization_1815,3
organization_1816,6
organization_1820,9
organization_1821,9
organization_1822,10
organization_1823,10
organization_1824,10
organization_1825,10
organization_1826,10
organization_1827,10
organization_1828,8
organization_1829,3
organization_1830,3
organization_1831,3
organization_1832,3
organization_1833,24
organization_1834,28
organization_1835,25
organization_1836,25
organization_1838,10
organization_1839,10
organization_1842,17
organization_1843,17
organization_1844,17
organization_1845,10
organization_1846,3
organization_1847,5
organization_1848,5
organization_1849,3
organization_1850,3
organization_1851,19
organization_1853,17
organization_1854,17
organization_1855,17
organization_1856,17
organization_1857,17
organization_1858,28
organization_1859,28
organization_1864,15
organization_1865,10
organization_1866,10
organization_1867,10
organization_1868,10
organization_1869,10
organization_1876,3
organization_1877,22
organization_1878,22
organization_1879,22
organization_1880,22
organization_1881,22
organization_1882,22
organization_1883,22
organization_1884,22
organization_1885,31
organization_1886,3
organization_1887,3
organization_1888,3
organization_1889,32
organization_1890,5
organization_1891,5
organization_1892,5
organization_1893,28
organization_1894,28
organization_1896,24
organization_1897,1
organization_1898,1
organization_1899,1
organization_1900,1
organization_1901,1
organization_1902,1
organization_1903,1
organization_1904,28
organization_1905,3
organization_1906,3
organization_1907,5
organization_1908,7
organization_1909,25
organization_1910,30
organization_1911,6
organization_1912,6
organization_1913,3
organization_1917,3
organization_1926,10
organization_1933,32
organization_1934,32
organization_1935,3
organization_1936,3
organization_1937,24
organization_1938,1
organization_1939,8
organization_1940,8
organization_1941,11
organization_1942,16
organization_1943,3
organization_1947,3
organization_1948,3
organization_1949,23
organization_1950,23
organization_1951,23
organization_1955,1
organization_1956,1
organization_1958,8
organization_1959,8
organization_1961,28
organization_1962,28
organization_1963,28
organization_1964,3
organization_1965,3
organization_1966,3
organization_1967,24
organization_1968,24
organization_1969,10
organization_1970,10
organization_1971,8
organization_1972,3
organization_1974,17
organization_1975,10
organization_1976,10
organization_1977,10
organization_1978,3
organization_1979,17
organization_1980,28
organization_1981,28
organization_1982,28
organization_1983,3
organization_1984,5
organization_1985,8
organization_1986,28
organization_1987,3
organization_1988,1
organization_1989,1
organization_1991,3
organization_1992,3
organization_1993,3
organization_1994,3
organization_1995,28
organization_1996,28
organization_1998,32
organization_1999,32
organization_2000,3
organization_2001,3
organization_2002,6
organization_2003,6
organization_2004,3
organization_2005,3
organization_2006,3
organization_2007,5
organization_2008,1
organization_2009,1
organization_2013,3
organization_2014,3
organization_2015,3
organization_2016,1
organization_2017,27
organization_2018,1
organization_2019,1
organization_2020,19
organization_2021,24
organization_2022,17
organization_2023,9
organization_2024,9
organization_2025,9
organization_2026,9
organization_2028,25
organization_2029,25
organization_2030,25
organization_2031,25
organization_2032,25
organization_2034,3
organization_2035,3
organization_2036,3
organization_2037,10
organization_2038,24
organization_2039,24
organization_2040,27
organization_2041,27
organization_2042,3
organization_2043,5
organization_2046,3
organization_2047,27
organization_2048,27
organization_2049,5
organization_2052,3
organization_2053,3
organization_2054,10
organization_2055,32
organization_2056,32
organization_2057,32
organization_2058,32
organization_2059,32
organization_2060,32
organization_2061,32
organization_2062,32
organization_2063,32
organization_2064,32
organization_2065,32
organization_2066,24
organization_2067,3
organization_2070,8
organization_2071,8
organization_2072,8
organization_2073,8
organization_2074,5
organization_2075,5
organization_2076,6
organization_2077,6
organization_2078,3
organization_2079,6
organization_2080,6
organization_2081,6
organization_2082,6
organization_2083,10
organization_2084,14
organization_2085,14
organization_2090,5
organization_2091,25
organization_2092,8
organization_2093,2
organization_2094,2
organization_2095,2
organization_2096,2
organization_2097,2
organization_2098,2
organization_2099,2
organization_2100,2
organization_2101,2
organization_2102,2
organization_2106,3
organization_2107,3
organization_2108,24
organization_2109,3
organization_2110,8
organization_2115,28
organization_2116,28
organization_2117,28
organization_2118,28
organization_2119,28
organization_2120,28
organization_2121,28
organization_2122,28
organization_2123,28
organization_2124,28
organization_2125,28
organization_2126,28
organization_2127,28
organization_2128,28
organization_2129,28
organization_2130,28
organization_2131,28
organization_2132,28
organization_2133,28
organization_2134,28
organization_2135,28
organization_2136,28
organization_2137,28
organization_2138,28
organization_2139,28
organization_2140,28
organization_2141,28
organization_2151,5
organization_2152,28
organization_2156,19
organization_2157,19
organization_2158,3
organization_2159,3
organization_2160,28
organization_2163,32
organization_2164,32
organization_2165,32
organization_2166,32
organization_2167,32
organization_2168,19
organization_2177,14
organization_2178,14
organization_2180,3
organization_2181,3
organization_2182,5
organization_2183,5
organization_2184,5
organization_2185,17
organization_2188,13
organization_2189,13
organization_2190,13
organization_2191,13
organization_2192,13
organization_2193,6
organization_2194,6
organization_2195,27
organization_2202,28
organization_2203,28
organization_2204,3
organization_2205,3
organization_2206,3
organization_2207,3
organization_2208,32
organization_2209,32
organization_2210,32
organization_2211,32
organization_2212,1
organization_2213,1
organization_2214,5
organization_2215,5
organization_2216,5
organization_2217,5
organization_2218,17
organization_2219,1
organization_2220,1
organization_2221,1
organization_2222,1
organization_2223,1
organization_2224,1
organization_2225,13
organization_2226,25
organization_2227,25
organization_2228,3
organization_2229,3
organization_2230,3
organization_2231,6
organization_2232,6
organization_2233,6
organization_2235,32
organization_2236,19
organization_2237,5
organization_2238,17
organization_2239,3
organization_2240,3
organization_2241,30
organization_2242,3
organization_2243,3
organization_2244,3
organization_2245,3
organization_2246,3
organization_2247,3
organization_2248,3
organization_2249,3
organization_2251,3
organization_2252,3
organization_2253,5
organization_2254,24
organization_2255,24
organization_2256,24
organization_2257,24
organization_2258,8
organization_2260,1
organization_2261,1
organization_2262,1
organization_2263,1
organization_2266,3
organization_2267,3
organization_2270,6
organization_2272,3
organization_2273,28
organization_2274,28
organization_2280,3
organization_2281,3
organization_2284,3
organization_2285,28
organization_2286,28
organization_2287,3
organization_2288,3
organization_2289,28
organization_2290,28
organization_2291,10
organization_2292,9
organization_2293,6
organization_2298,32
organization_2299,32
organization_2300,24
organization_2301,24
organization_2302,24
organization_2303,28
organization_2304,28
organization_2313,3
organization_2314,5
organization_2315,5
organization_2316,3
organization_2317,3
organization_2318,3
organization_2319,3
organization_2320,3
organization_2321,3
organization_2322,3
organization_2323,3
organization_2326,32
organization_2327,32
organization_2328,32
organization_2329,32
organization_2330,32
organization_2331,32
organization_2332,3
organization_2333,3
organization_2334,24
organization_2335,10
organization_2338,1
organization_2339,10
organization_2340,10
organization_2341,10
organization_2342,10
organization_2353,3
organization_2356,6
organization_2357,24
organization_2358,24
organization_2359,24
organization_2360,24
organization_2361,24
organization_2362,24
organization_2363,24
organization_2364,24
organization_2365,24
organization_2366,24
organization_2367,24
organization_2368,24
organization_2369,24
organization_2370,24
organization_2371,24
organization_2372,24
organization_2373,24
organization_2374,24
organization_2375,3
organization_2376,28
organization_2377,28
organization_2378,28
organization_2385,1
organization_2386,1
organization_2387,1
organization_2388,1
organization_2389,3
organization_2390,4
organization_2391,24
organization_2392,24
organization_2393,17
organization_2394,17
organization_2395,32
organization_2396,3
organization_2397,6
organization_2399,19
organization_2400,19
organization_2401,30
organization_2402,28
organization_2403,10
organization_2404,10
organization_2405,10
organization_2406,28
organization_2407,5
organization_2408,30
organization_2409,30
organization_2419,6
organization_2422,1
organization_2424,31
organization_2425,31
organization_2426,31
organization_2427,31
organization_2428,27
organization_2429,3
organization_2430,1
organization_2431,1
organization_2432,1
organization_2433,1
organization_2434,28
organization_2435,28
organization_2436,28
organization_2437,28
organization_2438,6
organization_2439,28
organization_2440,28
organization_2442,3
organization_2443,5
organization_2444,17
organization_2449,27
organization_2450,28
organization_2452,30
organization_2453,10
organization_2454,10
organization_2455,10
organization_2456,10
organization_2457,25
organization_2458,25
organization_2462,3
organization_2463,3
organization_2464,28
organization_2465,8
organization_2466,8
organization_2467,8
organization_2468,8
organization_2469,8
organization_2470,8
organization_2471,8
organization_2472,8
organization_2473,8
organization_2474,8
organization_2475,8
organization_2476,8
organization_2477,8
organization_2478,8
organization_2479,8
organization_2480,8
organization_2481,24
organization_2482,24
organization_2483,33
organization_2484,1
organization_2485,1
organization_2486,5
organization_2487,17
organization_2488,17
organization_2489,17
organization_2490,3
organization_2491,25
organization_2492,25
organization_2493,3
organization_2494,3
organization_2495,3
organization_2496,6
organization_2497,6
organization_2500,3
organization_2501,3
organization_2503,6
organization_2504,1
organization_2505,32
organization_2506,32
organization_2507,9
organization_2508,9
organization_2509,24
organization_2510,24
organization_2511,24
organization_2512,24
organization_2514,5
organization_2515,3
organization_2516,3
organization_2517,14
organization_2518,14
organization_2519,6
organization_2520,3
organization_2524,24
organization_2525,24
organization_2526,3
organization_2527,5
organization_2531,24
organization_2533,16
organization_2534,16
organization_2535,16
organization_2537,3
organization_2538,3
organization_2542,3
organization_2543,3
organization_2547,32
organization_2548,32
organization_2549,26
organization_2550,26
organization_2551,26
organization_2552,26
organization_2553,26
organization_2554,26
organization_2560,3
organization_2561,3
organization_2562,31
organization_2563,3
organization_2564,3
organization_2565,3
organization_2566,3
organization_2567,3
organization_2568,1
organization_2569,14
organization_2570,14
organization_2571,14
organization_2572,14
organization_2573,14
organization_2574,14
organization_2575,28
organization_2576,1
organization_2577,1
organization_2578,1
organization_2579,3
organization_2580,3
organization_2581,3
organization_2582,17
organization_2583,14
organization_2585,5
organization_2590,28
organization_2593,3
organization_2594,28
organization_2595,3
organization_2596,2
organization_2597,2
organization_2598,25
organization_2600,3
organization_2601,25
organization_2602,14
organization_2603,14
organization_2604,30
organization_2605,30
organization_2606,6
organization_2607,6
organization_2608,32
organization_2609,13
organization_2610,3
organization_2611,3
organization_2612,3
organization_2613,3
organization_2614,30
organization_2615,10
organization_2619,28
organization_2621,3
organization_2622,3
organization_2623,6
organization_2626,1
organization_2627,3
organization_2628,3
organization_2629,16
organization_2630,16
organization_2631,16
organization_2632,16
organization_2633,16
organization_2634,7
organization_2635,7
organization_2636,7
organization_2640,3
organization_2641,13
organization_2643,1
organization_2645,16
organization_2646,16
organization_2647,5
organization_2648,5
organization_2649,5
organization_2650,31
organization_2651,31
organization_2652,31
organization_2657,17
organization_2658,1
organization_2659,30
organization_2660,30
organization_2661,3
organization_2662,3
organization_2663,3
organization_2664,3
organization_2665,3
organization_2666,14
organization_2667,0
organization_2668,0
organization_2669,0
organization_2670,28
organization_2671,3
organization_2672,3
organization_2673,3
organization_2674,24
organization_2675,32
organization_2676,32
organization_2677,5
organization_2678,5
organization_2679,10
organization_2680,10
organization_2681,10
organization_2682,8
organization_2683,8
organization_2684,17
organization_2685,14
organization_2686,14
organization_2687,14
organization_2688,14
organization_2689,14
organization_2690,3
organization_2691,3
organization_2692,3
organization_2694,31
organization_2695,17
organization_2696,28
organization_2697,10
organization_2698,10
organization_2701,3
organization_2702,3
organization_2703,6
organization_2704,17
organization_2705,17
organization_2709,3
organization_2710,3
organization_2717,5
organization_2719,5
organization_2724,30
organization_2725,3
organization_2726,6
organization_2728,24
organization_2729,24
organization_2730,32
organization_2734,19
organization_2735,19
organization_2738,28
organization_2739,28
organization_2740,32
organization_2741,32
organization_2742,3
organization_2744,6
organization_2745,3
organization_2746,3
organization_2747,3
organization_2748,3
organization_2749,3
organization_2750,3
organization_2751,3
organization_2752,30
organization_2753,3
organization_2761,6
organization_2762,8
organization_2763,8
organization_2764,8
organization_2765,8
organization_2766,13
organization_2767,13
organization_2768,13
organization_2769,13
organization_2770,3
organization_2771,3
organization_2772,3
organization_2773,1
organization_2774,1
organization_2775,1
organization_2776,1
organization_2777,1
organization_2778,1
organization_2779,3
organization_2781,8
organization_2785,28
organization_2786,3
organization_2787,10
organization_2788,1
organization_2789,17
organization_2790,17
organization_2791,6
organization_2792,10
organization_2795,14
organization_2796,30
organization_2797,30
organization_2800,30
organization_2801,30
organization_2802,30
organization_2806,28
organization_2812,3
organization_2813,3
organization_2814,3
organization_2815,3
organization_2816,11
organization_2817,17
organization_2818,14
organization_2819,14
organization_2822,3
organization_2824,27
organization_2825,27
organization_2828,3
organization_2829,13
organization_2830,13
organization_2831,13
organization_2832,13
organization_2833,14
organization_2835,4
organization_2836,4
organization_2837,4
organization_2838,4
organization_2839,28
organization_2840,28
organization_2845,3
organization_2848,3
organization_2849,28
organization_2850,28
organization_2851,16
organization_2852,16
organization_2853,3
organization_2854,5
organization_2855,5
organization_2856,5
organization_2857,5
organization_2858,3
organization_2859,10
organization_2863,10
organization_2864,10
organization_2865,8
organization_2866,3
organization_2867,3
organization_2869,10
organization_2870,10
organization_2871,10
organization_2872,10
organization_2873,33
organization_2874,33
organization_2875,3
organization_2876,27
organization_2877,27
organization_2878,3
organization_2879,3
organization_2880,3
organization_2885,14
organization_2886,1
organization_2887,1
organization_2888,6
organization_2889,3
organization_2890,3
organization_2892,6
organization_2893,6
organization_2894,5
organization_2895,5
organization_2896,5
organization_2902,3
organization_2903,3
organization_2904,3
organization_2905,5
organization_2906,3
organization_2907,3
organization_2908,3
organization_2909,16
organization_2910,16
organization_2913,5
organization_2921,28
organization_2922,3
organization_2924,17
organization_2925,3
organization_2926,3
organization_2927,1
organization_2928,13
organization_2929,13
organization_2932,3
organization_2935,1
organization_2938,17
organization_2939,3
organization_2940,3
organization_2941,17
organization_2942,17
organization_2943,17
organization_2944,17
organization_2945,17
organization_2946,17
organization_2947,17
organization_2948,17
organization_2949,6
organization_2950,17
organization_2952,10
organization_2953,10
organization_2955,10
organization_2956,10
organization_2957,9
organization_2958,10
organization_2959,10
organization_2960,32
organization_2961,32
organization_2962,1
organization_2963,1
organization_2964,3
organization_2965,11
organization_2968,3
organization_2969,3
organization_2970,3
organization_2971,24
organization_2972,3
organization_2973,3
organization_2974,3
organization_2975,30
organization_2977,10
organization_2978,6
organization_2979,6
organization_2980,3
organization_2981,5
organization_2987,17
organization_2988,17
organization_2989,17
organization_2990,17
organization_2991,17
organization_2992,17
organization_2993,17
organization_2995,25
organization_2996,25
organization_2998,3
organization_2999,28
organization_3000,3
organization_3001,3
organization_3005,13
organization_3006,13
organization_3007,13
organization_3009,13
organization_3010,25
organization_3011,25
organization_3014,8
organization_3020,6
organization_3021,6
organization_3022,6
organization_3023,6
organization_3024,6
organization_3025,6
organization_3026,3
organization_3029,14
organization_3030,14
organization_3035,16
organization_3036,6
organization_3037,28
organization_3038,6
organization_3039,25
organization_3041,3
organization_3044,27
organization_3045,3
organization_3046,30
organization_3047,30
organization_3048,30
organization_3049,3
organization_3050,1
organization_3051,1
organization_3052,14
organization_3053,14
organization_3054,3
organization_3055,32
organization_3057,3
organization_3058,10
organization_3059,3
organization_3060,14
organization_3063,27
organization_3064,27
organization_3065,27
organization_3066,27
organization_3069,24
organization_3070,14
organization_3071,17
organization_3072,17
organization_3073,17
organization_3074,6
organization_3075,6
organization_3076,6
organization_3083,3
organization_3093,3
organization_3094,17
organization_3095,1
organization_3096,6
organization_3102,6
organization_3103,28
organization_3104,10
organization_3105,10
organization_3106,32
organization_3107,32
organization_3108,32
organization_3109,32
organization_3110,32
organization_3111,32
organization_3112,32
organization_3113,32
organization_3114,32
organization_3115,32
organization_3116,32
organization_3117,32
organization_3118,32
organization_3119,32
organization_3120,32
organization_3122,28
organization_3123,28
organization_3124,24
organization_3125,6
organization_3130,32
organization_3138,5
organization_3139,3
organization_3141,30
organization_3142,6
organization_3143,28
organization_3144,29
organization_3145,14
organization_3146,14
organization_3147,5
organization_3148,6
organization_3149,7
organization_3150,7
organization_3151,7
organization_3152,7
organization_3153,7
organization_3154,7
organization_3155,7
organization_3156,7
organization_3157,8
organization_3158,8
organization_3159,8
organization_3164,3
organization_3165,1
organization_3167,1
organization_3168,1
organization_3169,1
organization_3170,1
organization_3171,1
organization_3172,3
organization_3173,3
organization_3174,3
organization_3175,3
organization_3176,3
organization_3177,17
organization_3179,24
organization_3180,10
organization_3181,7
organization_3182,7
organization_3183,3
organization_3184,3
organization_3185,6
organization_3186,6
organization_3187,16
organization_3190,10
organization_3191,10
organization_3192,10
organization_3194,3
organization_3195,3
organization_3196,6
organization_3197,3
organization_3198,30
organization_3199,30
organization_3200,30
organization_3201,20
organization_3202,20
organization_3203,20
organization_3204,16
organization_3205,16
organization_3206,16
organization_3207,3
organization_3208,3
organization_3213,1
organization_3214,1
organization_3215,1
organization_3216,10
organization_3217,10
organization_3218,10
organization_3219,3
organization_3222,1
organization_3223,28
organization_3224,3
organization_3229,27
organization_3230,30
organization_3231,30
organization_3234,3
organization_3235,3
organization_3236,3
organization_3237,3
organization_3239,1
organization_3243,5
organization_3246,28
organization_3247,28
organization_3251,7
organization_3252,5
organization_3253,5
organization_3259,2
organization_3260,2
organization_3261,9
organization_3262,24
organization_3263,3
organization_3267,32
organization_3268,32
organization_3269,32
organization_3270,19
organization_3271,3
organization_3272,6
organization_3273,16
organization_3276,19
organization_3277,19
organization_3278,19
organization_3279,2
organization_3281,28
organization_3282,1
organization_3283,1
organization_3284,27
organization_3288,1
organization_3289,3
organization_3290,3
organization_3291,6
organization_3292,6
organization_3293,6
organization_3294,6
organization_3295,24
organization_3296,24
organization_3297,24
organization_3298,5
organization_3299,28
organization_3303,1
organization_3304,1
organization_3305,10
organization_3306,10
organization_3307,24
organization_3308,24
organization_3309,24
organization_3310,1
organization_3311,1
organization_3312,1
organization_3313,1
organization_3314,1
organization_3315,25
organization_3316,3
organization_3317,5
organization_3318,5
organization_3319,8
organization_3320,8
organization_3321,8
organization_3322,8
organization_3326,5
organization_3327,5
organization_3328,3
organization_3332,3
organization_3333,3
organization_3334,3
organization_3335,3
organization_3338,3
organization_3339,3
organization_3341,6
organization_3342,16
organization_3345,28
organization_3346,3
organization_3347,2
organization_3348,2
organization_3349,2
organization_3351,1
organization_3352,17
organization_3353,8
organization_3354,3
organization_3355,29
organization_3356,29
organization_3357,29
organization_3358,29
organization_3359,3
organization_3360,17
organization_3361,3
organization_3362,3
organization_3363,3
organization_3364,27
organization_3365,3
organization_3366,3
organization_3371,24
organization_3372,24
organization_3373,24
organization_3374,24
organization_3375,24
organization_3376,17
organization_3377,17
organization_3378,17
organization_3379,17
organization_3380,17
organization_3381,3
organization_3382,30
organization_3383,30
organization_3388,3
organization_3389,3
organization_3390,3
organization_3391,14
organization_3392,14
organization_3393,14
organization_3394,3
organization_3395,3
organization_3396,3
organization_3399,3
organization_3403,3
organization_3404,1
organization_3405,1
organization_3406,1
organization_3407,1
organization_3408,1
organization_3409,1
organization_3410,1
organization_3411,1
organization_3412,1
organization_3413,1
organization_3414,17
organization_3415,17
organization_3416,5
organization_3417,3
organization_3418,3
organization_3419,3
organization_3420,3
organization_3421,6
organization_3422,6
organization_3423,5
organization_3424,5
organization_3425,28
organization_3429,10
organization_3430,1
organization_3431,6
organization_3432,6
organization_3433,10
organization_3434,25
organization_3436,27
organization_3437,17
organization_3438,17
organization_3439,17
organization_3440,8
organization_3441,3
organization_3442,3
organization_3443,28
organization_3444,3
organization_3445,32
organization_3449,3
organization_3450,32
organization_3451,3
organization_3452,19
organization_3453,19
organization_3454,19
organization_3455,19
organization_3456,19
organization_3457,19
organization_3458,19
organization_3459,19
organization_3460,19
organization_3461,19
organization_3462,19
organization_3463,19
organization_3464,19
organization_3465,19
organization_3466,19
organization_3467,19
organization_3468,19
organization_3469,19
organization_3470,19
organization_3471,19
organization_3475,28
organization_3478,3
organization_3479,3
organization_3480,3
organization_3481,3
organization_3482,3
organization_3483,3
organization_3484,3
organization_3485,3
organization_3489,25
organization_3490,25
organization_3491,1
organization_3492,1
organization_3493,6
organization_3496,6
organization_3498,32
organization_3499,32
organization_3500,32
organization_3501,28
organization_3502,6
organization_3503,6
organization_3504,5
organization_3505,5
organization_3506,3
organization_3507,3
organization_3508,3
organization_3509,8
organization_3510,8
organization_3511,8
organization_3512,28
organization_3513,28
organization_3514,10
organization_3515,6
organization_3516,6
organization_3517,6
organization_3518,6
organization_3519,6
organization_3520,3
organization_3521,3
organization_3522,1
organization_3523,24
organization_3524,1
organization_3525,1
organization_3539,28
organization_3540,3
organization_3541,3
organization_3542,13
organization_3543,6
organization_3544,6
organization_3545,32
organization_3546,32
organization_3547,32
organization_3549,2
organization_3550,2
organization_3551,2
organization_3554,3
organization_3555,3
organization_3556,16
organization_3557,3
organization_3558,28
organization_3563,3
organization_3566,1
organization_3567,1
organization_3569,3
organization_3570,3
organization_3573,5
organization_3576,32
organization_3579,17
organization_3580,17
organization_3581,17
organization_3582,17
organization_3583,17
organization_3584,3
organization_3586,3
organization_3587,3
organization_3588,17
organization_3589,24
organization_3590,3
organization_3591,3
organization_3592,3
organization_3593,3
organization_3594,28
organization_3595,28
organization_3596,17
organization_3597,17
organization_3598,17
organization_3599,17
organization_3600,17
organization_3601,17
organization_3602,17
organization_3603,1
organization_3604,1
organization_3605,3
organization_3607,6
organization_3611,27
organization_3613,28
organization_3614,28
organization_3615,3
organization_3626,32
organization_3627,28
organization_3628,24
organization_3629,3
organization_3630,3
organization_3632,31
organization_3633,31
organization_3634,31
organization_3635,31
organization_3636,24
organization_3637,3
organization_3638,3
organization_3640,24
organization_3644,3
organization_3645,28
organization_3646,24
organization_3647,6
organization_3648,8
organization_3651,3
organization_3652,14
organization_3653,24
organization_3654,8
organization_3655,8
organization_3656,8
organization_3657,8
organization_3660,6
organization_3661,6
organization_3662,6
organization_3663,6
organization_3664,6
organization_3665,8
organization_3666,8
organization_3667,8
organization_3668,8
organization_3669,8
